step,alive,fused_us
0,1000000,448.265
1,1000000,521.942
2,1000000,464.081
3,1000000,447.364
4,1000000,450.368
5,1000000,494.012
6,1000000,456.674
7,1000000,437.354
8,1000000,438.155
9,1000000,445.962
10,1000000,471.690
11,1000000,501.621
12,1000000,530.050
13,1000000,451.868
14,1000000,479.697
15,1000000,521.641
16,1000000,510.030
17,1000000,439.556
18,1000000,526.546
19,1000000,482.501
20,1000000,469.587
21,1000000,455.873
22,1000000,446.663
23,1000000,462.579
24,1000000,482.701
25,1000000,442.259
26,1000000,448.665
27,1000000,524.744
28,1000000,448.565
29,1000000,430.047
30,1000000,435.152
31,1000000,435.352
32,1000000,516.936
33,1000000,439.556
34,1000000,512.031
35,1000000,441.858
36,1000000,519.338
37,1000000,467.185
38,1000000,523.343
39,1000000,494.813
40,1000000,446.163
41,1000000,515.235
42,1000000,521.642
43,1000000,502.722
44,1000000,451.269
45,1000000,513.232
46,1000000,459.878
47,1000000,500.320
48,1000000,452.570
49,1000000,495.213
50,1000000,452.670
51,1000000,517.137
52,1000000,440.343
53,1000000,450.157
54,1000000,449.256
55,1000000,491.217
56,1000000,436.838
57,1000000,471.889
58,1000000,455.865
59,1000000,510.646
60,1000000,451.359
61,1000000,494.822
62,1000000,522.864
63,1000000,442.346
64,1000000,480.100
65,1000000,527.269
66,1000000,505.338
67,1000000,453.261
68,1000000,516.454
69,1000000,483.506
70,1000000,469.185
71,1000000,433.233
72,1000000,515.253
73,1000000,463.577
74,1000000,535.281
75,1000000,451.660
76,1000000,504.837
77,1000000,449.656
78,1000000,505.138
79,1000000,437.438
80,1000000,433.633
81,1000000,451.359
82,1000000,498.127
83,1000000,435.636
84,1000000,444.248
85,1000000,495.623
86,1000000,485.910
87,1000000,437.138
88,1000000,482.304
89,1000000,458.970
90,1000000,514.952
91,1000000,461.274
92,1000000,529.673
93,1000000,510.545
94,1000000,451.258
95,1000000,516.254
96,1000000,457.668
97,1000000,508.742
98,1000000,454.363
99,1000000,514.651
100,1000000,437.238
101,1000000,450.658
102,1000000,459.170
103,1000000,521.561
104,1000000,434.734
105,1000000,452.961
106,1000000,454.264
107,1000000,522.362
108,1000000,468.484
109,1000000,505.738
110,1000000,510.946
111,1000000,447.053
112,1000000,460.272
113,1000000,530.074
114,1000000,486.610
115,1000000,443.448
116,1000000,529.073
117,1000000,496.825
118,1000000,441.444
119,1000000,451.760
120,1000000,526.568
121,1000000,435.536
122,1000000,522.663
123,1000000,465.880
124,1000000,580.047
125,1000000,462.675
126,1000000,464.878
127,1000000,445.650
128,1000000,448.555
129,1000000,451.359
130,1000000,520.660
131,1000000,449.356
132,1000000,448.555
133,1000000,520.661
134,1000000,461.173
135,1000000,430.728
136,1000000,436.838
137,1000000,524.766
138,1000000,506.439
139,1000000,437.839
140,1000000,523.064
141,1000000,526.168
142,1000000,447.954
143,1000000,451.258
144,1000000,498.327
145,1000000,522.562
146,1000000,441.946
147,1000000,521.762
148,1000000,460.973
149,1000000,449.356
150,1000000,452.260
151,1000000,503.936
152,1000000,452.761
153,1000000,446.752
154,1000000,449.255
155,1000000,513.950
156,1000000,449.056
157,1000000,511.747
158,1000000,462.575
159,1000000,486.811
160,1000000,458.269
161,1000000,546.198
162,1000000,447.554
163,1000000,436.537
164,1000000,457.167
165,1000000,510.345
166,1000000,447.954
167,1000000,441.945
168,1000000,481.503
169,1000000,442.546
170,1000000,470.087
171,1000000,485.909
172,1000000,493.020
173,1000000,445.851
174,1000000,448.755
175,1000000,445.250
176,1000000,516.053
177,1000000,440.743
178,1000000,498.929
179,1000000,441.344
180,1000000,506.239
181,1000000,490.416
182,1000000,479.600
183,1000000,438.440
184,1000000,465.479
185,1000000,517.856
186,1000000,452.761
187,1000000,439.241
188,1000000,452.761
189,1000000,514.851
190,1000000,510.245
191,1000000,441.745
192,1000000,454.463
193,1000000,535.482
194,1000000,445.951
195,1000000,484.508
196,1000000,480.301
197,1000000,495.523
198,1000000,439.942
199,1000000,509.143
200,1000000,447.153
201,1000000,440.443
202,1000000,435.436
203,1000000,518.357
204,1000000,453.061
205,1000000,448.455
206,1000000,462.175
207,1000000,522.763
208,1000000,439.141
209,1000000,461.774
210,1000000,527.269
211,1000000,440.142
212,1000000,459.471
213,1000000,507.441
214,1000000,446.452
215,1000000,442.146
216,1000000,445.350
217,1000000,505.137
218,1000000,443.949
219,1000000,505.337
220,1000000,467.583
221,1000000,450.958
222,1000000,435.435
223,1000000,447.854
224,1000000,517.957
225,1000000,440.643
226,1000000,437.939
227,1000000,460.172
228,1000000,482.604
229,1000000,438.440
230,1000000,442.746
231,1000000,456.867
232,1000000,540.289
233,1000000,444.549
234,1000000,453.462
235,1000000,447.454
236,1000000,555.511
237,1000000,480.001
238,1000000,444.549
239,1000000,556.011
240,1000000,453.462
241,1000000,542.992
242,1000000,443.547
243,1000000,445.250
244,1000000,450.858
245,1000000,531.276
246,1000000,440.644
247,1000000,513.851
248,1000000,490.917
249,1000000,448.255
250,1000000,440.242
251,1000000,529.173
252,1000000,540.088
253,1000000,437.038
254,1000000,513.649
255,1000000,548.000
256,1000000,487.412
257,1000000,452.360
258,1000000,556.312
259,1000000,430.930
260,1000000,504.436
261,1000000,454.664
262,1000000,432.231
263,1000000,531.876
264,1000000,434.634
265,1000000,431.730
266,1000000,444.149
267,1000000,428.325
268,1000000,467.182
269,1000000,448.856
270,1000000,470.987
271,1000000,444.248
272,1000000,519.959
273,1000000,440.844
274,1000000,510.245
275,1000000,538.887
276,1000000,439.142
277,1000000,523.665
278,1000000,539.788
279,1000000,435.737
280,1000000,444.148
281,1000000,530.674
282,1000000,528.472
283,1000000,472.690
284,1000000,460.773
285,1000000,529.974
286,1000000,432.732
287,1000000,499.530
288,1000000,435.436
289,1000000,437.038
290,1000000,441.845
291,1000000,497.527
292,1000000,436.737
293,1000000,436.737
294,1000000,495.323
295,1000000,457.368
296,1000000,436.838
297,1000000,434.935
298,1000000,523.665
299,1000000,485.208
300,1000000,435.535
301,1000000,456.667
302,1000000,458.569
303,1000000,524.967
304,1000000,465.380
305,1000000,451.259
306,1000000,532.277
307,1000000,541.691
308,1000000,482.605
309,1000000,463.878
310,1000000,480.401
311,1000000,439.242
312,1000000,511.547
313,1000000,447.553
314,1000000,444.850
315,1000000,486.110
316,1000000,456.767
317,1000000,432.431
318,1000000,465.279
319,1000000,495.423
320,1000000,459.070
321,1000000,443.046
322,1000000,494.221
323,1000000,524.366
324,1000000,439.441
325,1000000,450.258
326,1000000,539.488
327,1000000,522.864
328,1000000,451.459
329,1000000,521.361
330,1000000,521.562
331,1000000,435.836
332,1000000,453.562
333,1000000,461.174
334,1000000,521.962
335,1000000,439.041
336,1000000,452.561
337,1000000,525.067
338,1000000,468.684
339,1000000,457.068
340,1000000,458.870
341,1000000,517.956
342,1000000,443.347
343,1000000,451.259
344,1000000,441.845
345,1000000,499.430
346,1000000,482.104
347,1000000,537.986
348,1000000,438.940
349,1000000,451.960
350,1000000,454.063
351,1000000,527.170
352,1000000,482.404
353,1000000,504.937
354,1000000,510.045
355,1000000,464.178
356,1000000,475.194
357,1000000,467.883
358,1000000,524.265
359,1000000,436.137
360,1000000,452.961
361,1000000,444.148
362,1000000,431.831
363,1000000,509.644
364,1000000,442.046
365,1000000,448.354
366,1000000,492.719
367,1000000,453.061
368,1000000,446.652
369,1000000,456.466
370,1000000,460.472
371,1000000,461.574
372,1000000,436.738
373,1000000,477.998
374,1000000,470.186
375,1000000,474.092
376,1000000,466.280
377,1000000,486.410
378,1000000,507.441
379,1000000,460.072
380,1000000,473.391
381,1000000,481.203
382,1000000,460.472
383,1000000,455.565
384,1000000,448.455
385,1000000,460.172
386,1000000,495.524
387,1000000,448.856
388,1000000,438.340
389,1000000,452.761
390,1000000,467.282
391,1000000,450.057
392,1000000,468.585
393,1000000,476.496
394,1000000,453.162
395,1000000,471.088
396,1000000,482.104
397,1000000,551.706
398,1000000,511.046
399,1000000,544.395
400,1000000,435.535
401,1000000,435.035
402,1000000,497.226
403,1000000,521.762
404,1000000,435.937
405,1000000,461.474
406,1000000,526.970
407,1000000,436.637
408,1000000,495.223
409,1000000,476.896
410,1000000,454.164
411,1000000,449.056
412,1000000,442.647
413,1000000,443.848
414,1000000,433.433
415,1000000,544.495
416,1000000,459.271
417,1000000,429.427
418,1000000,430.429
419,1000000,442.847
420,1000000,482.004
421,1000000,428.525
422,1000000,455.265
423,1000000,509.243
424,1000000,447.654
425,1000000,434.434
426,1000000,512.749
427,1000000,546.898
428,1000000,447.153
429,1000000,443.147
430,1000000,567.930
431,1000000,439.041
432,1000000,452.560
433,1000000,452.160
434,1000000,466.281
435,1000000,435.535
436,1000000,460.773
437,1000000,474.994
438,1000000,431.930
439,1000000,444.850
440,1000000,466.381
441,1000000,542.292
442,1000000,484.708
443,1000000,461.574
444,1000000,441.945
445,1000000,492.019
446,1000000,457.768
447,1000000,533.979
448,1000000,453.663
449,1000000,555.912
450,1000000,515.453
451,1000000,496.324
452,1000000,438.339
453,1000000,468.183
454,1000000,505.237
455,1000000,532.978
456,1000000,450.758
457,1000000,447.754
458,1000000,449.757
459,1000000,434.935
460,1000000,442.947
461,1000000,453.462
462,1000000,460.773
463,1000000,499.229
464,1000000,453.562
465,1000000,434.334
466,1000000,444.349
467,1000000,457.768
468,1000000,518.257
469,1000000,439.341
470,1000000,520.259
471,1000000,454.864
472,1000000,538.186
473,1000000,476.596
474,1000000,504.536
475,1000000,481.203
476,1000000,430.028
477,1000000,505.337
478,1000000,500.731
479,1000000,434.034
480,1000000,446.953
481,1000000,537.885
482,1000000,514.051
483,1000000,439.342
484,1000000,443.948
485,1000000,453.261
486,1000000,547.600
487,1000000,488.013
488,1000000,454.964
489,1000000,532.177
490,1000000,442.245
491,1000000,500.932
492,1000000,466.782
493,1000000,453.563
494,1000000,443.147
495,1000000,534.581
496,1000000,439.442
497,1000000,454.263
498,1000000,510.245
499,1000000,459.071
500,1000000,429.828
501,1000000,522.563
502,1000000,502.934
503,1000000,433.532
504,1000000,441.745
505,1000000,503.335
506,1000000,500.831
507,1000000,458.470
508,1000000,440.242
509,1000000,440.743
510,1000000,458.369
511,1000000,530.775
512,1000000,462.576
513,1000000,433.733
514,1000000,431.730
515,1000000,450.057
516,1000000,456.166
517,1000000,426.322
518,1000000,437.439
519,1000000,450.758
520,1000000,512.448
521,1000000,448.354
522,1000000,496.925
523,1000000,510.145
524,1000000,448.054
525,1000000,453.562
526,1000000,531.576
527,1000000,483.606
528,1000000,447.454
529,1000000,540.789
530,1000000,504.236
531,1000000,436.237
532,1000000,466.955
533,1000000,477.674
534,1000000,523.658
535,1000000,478.476
536,1000000,437.901
537,1000000,445.014
538,1000000,453.429
539,1000000,485.889
540,1000000,447.719
541,1000000,443.611
542,1000000,435.597
543,1000000,544.096
544,1000000,437.801
545,1000000,432.792
546,1000000,441.408
547,1000000,502.218
548,1000000,441.107
549,1000000,442.008
550,1000000,553.813
551,1000000,470.360
552,1000000,479.177
553,1000000,443.612
554,1000000,497.210
555,1000000,459.039
556,1000000,439.404
557,1000000,508.129
558,1000000,455.433
559,1000000,516.946
560,1000000,461.745
561,1000000,552.410
562,1000000,431.590
563,1000000,530.371
564,1000000,541.791
565,1000000,439.504
566,1000000,507.929
567,1000000,554.615
568,1000000,456.435
569,1000000,437.701
570,1000000,532.775
571,1000000,497.310
572,1000000,443.311
573,1000000,461.445
574,1000000,487.291
575,1000000,434.395
576,1000000,457.236
577,1000000,505.525
578,1000000,445.816
579,1000000,446.717
580,1000000,446.116
581,1000000,513.339
582,1000000,447.519
583,1000000,462.546
584,1000000,439.204
585,1000000,529.068
586,1000000,530.470
587,1000000,523.257
588,1000000,470.461
589,1000000,492.801
590,1000000,469.559
591,1000000,449.623
592,1000000,443.811
593,1000000,496.909
594,1000000,524.059
595,1000000,450.825
596,1000000,518.048
597,1000000,470.561
598,1000000,518.348
599,1000000,441.708
600,1000000,498.912
601,1000000,466.854
602,1000000,449.022
603,1000000,495.406
604,1000000,450.524
605,1000000,450.524
606,1000000,450.024
607,1000000,442.710
608,1000000,439.905
609,1000000,464.750
610,1000000,543.895
611,1000000,432.993
612,1000000,426.280
613,1000000,509.932
614,1000000,499.914
615,1000000,439.003
616,1000000,498.112
617,1000000,475.470
618,1000000,449.823
619,1000000,504.724
620,1000000,468.657
621,1000000,523.157
622,1000000,441.507
623,1000000,463.148
624,1000000,445.816
625,1000000,446.316
626,1000000,450.524
627,1000000,468.657
628,1000000,453.529
629,1000000,446.016
630,1000000,470.461
631,1000000,518.348
632,1000000,438.001
633,1000000,453.329
634,1000000,475.570
635,1000000,441.307
636,1000000,425.278
637,1000000,436.399
638,1000000,519.049
639,1000000,542.292
640,1000000,438.202
641,1000000,466.553
642,1000000,515.944
643,1000000,442.309
644,1000000,447.118
645,1000000,465.953
646,1000000,489.696
647,1000000,435.797
648,1000000,466.153
649,1000000,446.617
650,1000000,452.528
651,1000000,481.681
652,1000000,499.714
653,1000000,475.770
654,1000000,483.585
655,1000000,466.553
656,1000000,476.972
657,1000000,468.256
658,1000000,470.762
659,1000000,495.306
660,1000000,443.011
661,1000000,443.311
662,1000000,446.617
663,1000000,445.215
664,1000000,525.762
665,1000000,441.107
666,1000000,473.066
667,1000000,528.166
668,1000000,448.621
669,1000000,487.492
670,1000000,480.679
671,1000000,493.203
672,1000000,454.331
673,1000000,504.422
674,1000000,446.216
675,1000000,516.144
676,1000000,439.504
677,1000000,524.159
678,1000000,445.315
679,1000000,451.827
680,1000000,444.313
681,1000000,487.592
682,1000000,447.819
683,1000000,476.972
684,1000000,454.031
685,1000000,505.725
686,1000000,437.801
687,1000000,513.439
688,1000000,521.253
689,1000000,442.910
690,1000000,448.921
691,1000000,539.787
692,1000000,468.858
693,1000000,446.516
694,1000000,452.026
695,1000000,523.658
696,1000000,483.084
697,1000000,442.609
698,1000000,504.523
699,1000000,449.924
700,1000000,433.092
701,1000000,480.379
702,1000000,434.294
703,1000000,458.338
704,1000000,437.801
705,1000000,437.601
706,1000000,536.481
707,1000000,471.162
708,1000000,519.551
709,1000000,447.319
710,1000000,464.049
711,1000000,492.601
712,1000000,465.852
713,1000000,433.292
714,1000000,461.144
715,1000000,525.361
716,1000000,520.652
717,1000000,437.700
718,1000000,502.420
719,1000000,529.568
720,1000000,437.901
721,1000000,503.221
722,1000000,455.433
723,1000000,467.155
724,1000000,436.097
725,1000000,512.638
726,1000000,441.007
727,1000000,428.484
728,1000000,436.598
729,1000000,525.361
730,1000000,443.612
731,1000000,445.816
732,1000000,435.196
733,1000000,531.272
734,1000000,441.207
735,1000000,453.029
736,1000000,517.246
737,1000000,467.355
738,1000000,428.483
739,1000000,508.931
740,1000000,484.988
741,1000000,534.577
742,1000000,448.921
743,1000000,513.239
744,1000000,503.020
745,1000000,462.846
746,1000000,513.740
747,1000000,454.732
748,1000000,464.550
749,1000000,506.426
750,1000000,433.794
751,1000000,436.097
752,1000000,447.419
753,1000000,452.928
754,1000000,490.297
755,1000000,446.717
756,1000000,525.160
757,1000000,447.319
758,1000000,441.908
759,1000000,501.216
760,1000000,471.863
761,1000000,429.286
762,1000000,449.422
763,1000000,487.892
764,1000000,525.962
765,1000000,437.100
766,1000000,438.702
767,1000000,540.890
768,1000000,462.146
769,1000000,437.600
770,1000000,452.728
771,1000000,449.622
772,1000000,536.081
773,1000000,444.213
774,1000000,445.215
775,1000000,441.407
776,1000000,528.066
777,1000000,455.633
778,1000000,439.003
779,1000000,530.470
780,1000000,445.715
781,1000000,507.929
782,1000000,441.207
783,1000000,452.528
784,1000000,506.727
785,1000000,459.942
786,1000000,431.790
787,1000000,444.112
788,1000000,509.432
789,1000000,473.968
790,1000000,456.935
791,1000000,511.435
792,1000000,550.207
793,1000000,462.846
794,1000000,475.270
795,1000000,456.936
796,1000000,477.975
797,1000000,486.390
798,1000000,454.532
799,1000000,460.342
800,1000000,485.287
801,1000000,449.222
802,1000000,429.586
803,1000000,463.147
804,1000000,451.726
805,1000000,460.242
806,1000000,485.288
807,1000000,632.056
808,1000000,463.448
809,1000000,495.406
810,1000000,486.389
811,1000000,518.048
812,1000000,458.839
813,1000000,445.315
814,1000000,454.031
815,1000000,512.437
816,1000000,436.698
817,1000000,456.335
818,1000000,456.735
819,1000000,524.760
820,1000000,434.094
821,1000000,462.445
822,1000000,478.976
823,1000000,462.446
824,1000000,449.322
825,1000000,467.956
826,1000000,535.780
827,1000000,456.435
828,1000000,452.327
829,1000000,522.856
830,1000000,491.699
831,1000000,445.415
832,1000000,448.320
833,1000000,464.950
834,1000000,518.448
835,1000000,436.398
836,1000000,523.558
837,1000000,463.448
838,1000000,459.641
839,1000000,463.848
840,1000000,518.349
841,1000000,480.679
842,1000000,466.553
843,1000000,435.297
844,1000000,520.352
845,1000000,465.752
846,1000000,453.730
847,1000000,464.850
848,1000000,457.136
849,1000000,427.582
850,1000000,440.005
851,1000000,459.941
852,1000000,439.504
853,1000000,485.488
854,1000000,458.739
855,1000000,453.029
856,1000000,453.429
857,1000000,518.248
858,1000000,448.821
859,1000000,493.803
860,1000000,476.271
861,1000000,536.982
862,1000000,436.198
863,1000000,540.889
864,1000000,456.735
865,1000000,439.905
866,1000000,444.212
867,1000000,499.814
868,1000000,452.628
869,1000000,439.103
870,1000000,442.309
871,1000000,531.773
872,1000000,439.304
873,1000000,480.579
874,1000000,538.986
875,1000000,435.296
876,1000000,439.504
877,1000000,519.350
878,1000000,529.368
879,1000000,436.498
880,1000000,510.033
881,1000000,534.178
882,1000000,437.400
883,1000000,465.051
884,1000000,522.155
885,1000000,494.004
886,1000000,451.125
887,1000000,449.322
888,1000000,439.503
889,1000000,545.598
890,1000000,449.122
891,1000000,444.814
892,1000000,535.780
893,1000000,452.428
894,1000000,466.052
895,1000000,447.619
896,1000000,510.033
897,1000000,445.615
898,1000000,465.652
899,1000000,450.224
900,1000000,426.981
901,1000000,489.596
902,1000000,531.071
903,1000000,444.313
904,1000000,457.237
905,1000000,521.053
906,1000000,513.940
907,1000000,469.259
908,1000000,481.882
909,1000000,519.951
910,1000000,446.517
911,1000000,524.560
912,1000000,459.039
913,1000000,487.792
914,1000000,448.621
915,1000000,484.587
916,1000000,453.229
917,1000000,447.018
918,1000000,449.021
919,1000000,506.827
920,1000000,453.028
921,1000000,440.606
922,1000000,518.449
923,1000000,441.908
924,1000000,456.134
925,1000000,437.200
926,1000000,517.847
927,1000000,476.972
928,1000000,446.417
929,1000000,442.610
930,1000000,453.830
931,1000000,537.684
932,1000000,441.808
933,1000000,453.630
934,1000000,495.206
935,1000000,477.273
936,1000000,465.151
937,1000000,440.606
938,1000000,461.244
939,1000000,512.237
940,1000000,496.308
941,1000000,442.108
942,1000000,517.247
943,1000000,456.935
944,1000000,436.899
945,1000000,446.817
946,1000000,450.324
947,1000000,520.553
948,1000000,482.383
949,1000000,428.484
950,1000000,451.025
951,1000000,519.350
952,1000000,438.102
953,1000000,440.606
954,1000000,535.781
955,1000000,432.491
956,1000000,437.099
957,1000000,489.396
958,1000000,503.320
959,1000000,518.048
960,1000000,457.637
961,1000000,460.442
962,1000000,522.956
963,1000000,423.074
964,1000000,456.735
965,1000000,523.357
966,1000000,443.812
967,1000000,434.795
968,1000000,451.425
969,1000000,467.756
970,1000000,441.908
971,1000000,455.633
972,1000000,458.138
973,1000000,521.854
974,1000000,444.413
975,1000000,526.964
976,1000000,455.433
977,1000000,471.562
978,1000000,465.552
979,1000000,541.992
980,1000000,476.171
981,1000000,443.011
982,1000000,514.842
983,1000000,481.982
984,1000000,443.812
985,1000000,444.212
986,1000000,454.933
987,1000000,451.326
988,1000000,443.210
989,1000000,442.910
990,1000000,522.856
991,1000000,465.151
992,1000000,524.760
993,1000000,458.239
994,1000000,437.500
995,1000000,440.606
996,1000000,453.630
997,1000000,461.644
998,1000000,514.842
999,1000000,439.905
1000,1000000,454.531
1001,1000000,461.144
1002,1000000,450.925
1003,1000000,435.196
1004,1000000,465.351
1005,1000000,535.380
1006,1000000,499.614
1007,1000000,438.602
1008,1000000,520.151
1009,1000000,508.631
1010,1000000,436.398
1011,1000000,510.634
1012,1000000,451.672
1013,1000000,528.738
1014,1000000,430.426
1015,1000000,500.377
1016,1000000,445.960
1017,1000000,436.239
1018,1000000,462.897
1019,1000000,517.614
1020,1000000,444.256
1021,1000000,449.467
1022,1000000,452.473
1023,1000000,484.342
1024,1000000,450.069
1025,1000000,485.144
1026,1000000,484.142
1027,1000000,437.442
1028,1000000,440.348
1029,1000000,468.508
1030,1000000,509.196
1031,1000000,446.862
1032,1000000,450.169
1033,1000000,511.301
1034,1000000,453.877
1035,1000000,441.551
1036,1000000,499.174
1037,1000000,470.613
1038,1000000,510.699
1039,1000000,434.435
1040,1000000,509.296
1041,1000000,445.659
1042,1000000,451.371
1043,1000000,533.348
1044,1000000,440.949
1045,1000000,432.731
1046,1000000,471.916
1047,1000000,527.235
1048,1000000,445.158
1049,1000000,438.544
1050,1000000,461.794
1051,1000000,440.448
1052,1000000,546.877
1053,1000000,442.652
1054,1000000,432.330
1055,1000000,482.639
1056,1000000,463.698
1057,1000000,443.254
1058,1000000,443.054
1059,1000000,533.748
1060,1000000,451.472
1061,1000000,449.768
1062,1000000,450.169
1063,1000000,530.642
1064,1000000,441.150
1065,1000000,515.810
1066,1000000,497.170
1067,1000000,445.960
1068,1000000,516.011
1069,1000000,490.455
1070,1000000,465.802
1071,1000000,559.504
1072,1000000,439.446
1073,1000000,440.849
1074,1000000,561.509
1075,1000000,447.564
1076,1000000,480.434
1077,1000000,461.794
1078,1000000,437.141
1079,1000000,442.252
1080,1000000,493.963
1081,1000000,436.740
1082,1000000,449.567
1083,1000000,431.228
1084,1000000,530.241
1085,1000000,443.254
1086,1000000,466.504
1087,1000000,464.099
1088,1000000,497.771
1089,1000000,459.289
1090,1000000,437.742
1091,1000000,449.066
1092,1000000,526.333
1093,1000000,453.777
1094,1000000,442.753
1095,1000000,434.135
1096,1000000,449.668
1097,1000000,454.678
1098,1000000,533.849
1099,1000000,434.234
1100,1000000,443.354
1101,1000000,557.499
1102,1000000,440.147
1103,1000000,522.124
1104,1000000,447.965
1105,1000000,443.354
1106,1000000,462.295
1107,1000000,491.658
1108,1000000,439.847
1109,1000000,445.058
1110,1000000,448.164
1111,1000000,470.111
1112,1000000,436.539
1113,1000000,464.901
1114,1000000,527.736
1115,1000000,449.267
1116,1000000,453.275
1117,1000000,488.552
1118,1000000,520.821
1119,1000000,460.491
1120,1000000,473.920
1121,1000000,523.827
1122,1000000,749.413
1123,1000000,450.870
1124,1000000,450.269
1125,1000000,442.252
1126,1000000,485.645
1127,1000000,470.512
1128,1000000,543.670
1129,1000000,445.358
1130,1000000,522.525
1131,1000000,456.683
1132,1000000,452.273
1133,1000000,435.237
1134,1000000,534.150
1135,1000000,451.271
1136,1000000,442.152
1137,1000000,452.374
1138,1000000,466.605
1139,1000000,441.551
1140,1000000,536.555
1141,1000000,445.960
1142,1000000,436.239
1143,1000000,459.288
1144,1000000,501.078
1145,1000000,541.766
1146,1000000,438.745
1147,1000000,443.755
1148,1000000,517.514
1149,1000000,508.394
1150,1000000,438.343
1151,1000000,441.851
1152,1000000,513.105
1153,1000000,427.019
1154,1000000,442.252
1155,1000000,530.241
1156,1000000,453.777
1157,1000000,437.041
1158,1000000,448.165
1159,1000000,511.501
1160,1000000,454.678
1161,1000000,450.570
1162,1000000,452.875
1163,1000000,535.954
1164,1000000,458.587
1165,1000000,571.931
1166,1000000,452.874
1167,1000000,449.768
1168,1000000,450.369
1169,1000000,551.386
1170,1000000,451.672
1171,1000000,484.944
1172,1000000,524.128
1173,1000000,489.754
1174,1000000,467.306
1175,1000000,532.045
1176,1000000,458.287
1177,1000000,427.219
1178,1000000,476.927
1179,1000000,443.354
1180,1000000,442.753
1181,1000000,437.442
1182,1000000,481.236
1183,1000000,445.759
1184,1000000,527.937
1185,1000000,454.378
1186,1000000,516.011
1187,1000000,477.327
1188,1000000,452.273
1189,1000000,440.749
1190,1000000,444.256
1191,1000000,443.554
1192,1000000,443.354
1193,1000000,466.804
1194,1000000,489.554
1195,1000000,433.534
1196,1000000,495.567
1197,1000000,471.615
1198,1000000,546.175
1199,1000000,436.540
1200,1000000,525.030
1201,1000000,515.209
1202,1000000,441.651
1203,1000000,505.388
1204,1000000,471.114
1205,1000000,454.478
1206,1000000,433.733
1207,1000000,558.001
1208,1000000,436.339
1209,1000000,441.049
1210,1000000,440.448
1211,1000000,504.886
1212,1000000,465.301
1213,1000000,467.506
1214,1000000,437.441
1215,1000000,463.097
1216,1000000,475.724
1217,1000000,489.854
1218,1000000,449.367
1219,1000000,526.934
1220,1000000,466.805
1221,1000000,437.742
1222,1000000,458.988
1223,1000000,490.255
1224,1000000,482.839
1225,1000000,452.474
1226,1000000,447.062
1227,1000000,543.370
1228,1000000,450.570
1229,1000000,434.736
1230,1000000,451.071
1231,1000000,446.862
1232,1000000,486.948
1233,1000000,441.149
1234,1000000,456.182
1235,1000000,449.568
1236,1000000,518.315
1237,1000000,462.295
1238,1000000,448.566
1239,1000000,443.454
1240,1000000,447.363
1241,1000000,434.635
1242,1000000,468.108
1243,1000000,491.257
1244,1000000,480.735
1245,1000000,438.043
1246,1000000,452.975
1247,1000000,484.243
1248,1000000,480.133
1249,1000000,449.167
1250,1000000,470.312
1251,1000000,519.719
1252,1000000,441.250
1253,1000000,517.714
1254,1000000,465.201
1255,1000000,441.951
1256,1000000,448.866
1257,1000000,537.457
1258,1000000,488.551
1259,1000000,438.744
1260,1000000,523.627
1261,1000000,541.465
1262,1000000,447.663
1263,1000000,464.600
1264,1000000,465.201
1265,1000000,537.257
1266,1000000,458.487
1267,1000000,438.243
1268,1000000,443.956
1269,1000000,461.694
1270,1000000,459.489
1271,1000000,445.058
1272,1000000,521.322
1273,1000000,452.574
1274,1000000,531.744
1275,1000000,452.975
1276,1000000,501.980
1277,1000000,539.361
1278,1000000,453.375
1279,1000000,447.363
1280,1000000,471.214
1281,1000000,521.322
1282,1000000,454.779
1283,1000000,437.842
1284,1000000,485.946
1285,1000000,452.173
1286,1000000,432.631
1287,1000000,455.580
1288,1000000,458.286
1289,1000000,460.491
1290,1000000,460.090
1291,1000000,464.098
1292,1000000,451.973
1293,1000000,443.354
1294,1000000,450.069
1295,1000000,438.543
1296,1000000,455.380
1297,1000000,521.723
1298,1000000,431.829
1299,1000000,437.041
1300,1000000,453.275
1301,1000000,493.061
1302,1000000,446.261
1303,1000000,459.188
1304,1000000,443.454
1305,1000000,461.794
1306,1000000,439.045
1307,1000000,522.023
1308,1000000,523.326
1309,1000000,442.352
1310,1000000,475.724
1311,1000000,524.630
1312,1000000,441.450
1313,1000000,479.933
1314,1000000,544.071
1315,1000000,453.476
1316,1000000,504.185
1317,1000000,467.707
1318,1000000,510.298
1319,1000000,454.779
1320,1000000,504.185
1321,1000000,439.846
1322,1000000,478.229
1323,1000000,472.617
1324,1000000,531.042
1325,1000000,443.054
1326,1000000,446.461
1327,1000000,465.202
1328,1000000,489.453
1329,1000000,449.567
1330,1000000,476.726
1331,1000000,512.402
1332,1000000,448.264
1333,1000000,451.372
1334,1000000,436.841
1335,1000000,450.870
1336,1000000,436.239
1337,1000000,449.067
1338,1000000,442.653
1339,1000000,460.491
1340,1000000,452.474
1341,1000000,494.063
1342,1000000,484.242
1343,1000000,515.509
1344,1000000,446.161
1345,1000000,502.782
1346,1000000,452.874
1347,1000000,458.487
1348,1000000,439.446
1349,1000000,517.214
1350,1000000,436.740
1351,1000000,437.241
1352,1000000,442.352
1353,1000000,463.899
1354,1000000,444.256
1355,1000000,448.065
1356,1000000,514.507
1357,1000000,454.077
1358,1000000,441.851
1359,1000000,455.079
1360,1000000,491.357
1361,1000000,479.633
1362,1000000,443.755
1363,1000000,525.030
1364,1000000,484.944
1365,1000000,471.415
1366,1000000,450.269
1367,1000000,472.116
1368,1000000,485.846
1369,1000000,447.764
1370,1000000,500.377
1371,1000000,447.564
1372,1000000,456.683
1373,1000000,442.152
1374,1000000,458.888
1375,1000000,450.469
1376,1000000,437.843
1377,1000000,439.646
1378,1000000,478.029
1379,1000000,462.195
1380,1000000,442.753
1381,1000000,446.360
1382,1000000,446.861
1383,1000000,468.108
1384,1000000,497.371
1385,1000000,449.568
1386,1000000,443.054
1387,1000000,491.557
1388,1000000,467.406
1389,1000000,449.568
1390,1000000,434.735
1391,1000000,457.685
1392,1000000,462.695
1393,1000000,448.365
1394,1000000,436.239
1395,1000000,451.973
1396,1000000,457.384
1397,1000000,447.964
1398,1000000,441.550
1399,1000000,452.274
1400,1000000,450.469
1401,1000000,442.452
1402,1000000,446.160
1403,1000000,448.766
1404,1000000,448.666
1405,1000000,444.156
1406,1000000,485.445
1407,1000000,460.391
1408,1000000,444.457
1409,1000000,466.404
1410,1000000,508.795
1411,1000000,474.822
1412,1000000,448.265
1413,1000000,514.808
1414,1000000,533.549
1415,1000000,432.531
1416,1000000,444.557
1417,1000000,506.891
1418,1000000,481.737
1419,1000000,449.869
1420,1000000,526.934
1421,1000000,436.941
1422,1000000,429.724
1423,1000000,437.642
1424,1000000,513.805
1425,1000000,425.917
1426,1000000,426.618
1427,1000000,461.193
1428,1000000,531.043
1429,1000000,435.738
1430,1000000,467.807
1431,1000000,441.751
1432,1000000,451.672
1433,1000000,505.187
1434,1000000,451.772
1435,1000000,502.481
1436,1000000,452.174
1437,1000000,530.241
1438,1000000,443.956
1439,1000000,425.215
1440,1000000,449.167
1441,1000000,522.825
1442,1000000,510.499
1443,1000000,434.636
1444,1000000,478.129
1445,1000000,439.646
1446,1000000,521.723
1447,1000000,516.813
1448,1000000,445.258
1449,1000000,451.973
1450,1000000,450.169
1451,1000000,509.196
1452,1000000,446.962
1453,1000000,443.855
1454,1000000,448.164
1455,1000000,530.441
1456,1000000,439.545
1457,1000000,456.683
1458,1000000,469.611
1459,1000000,447.664
1460,1000000,456.182
1461,1000000,503.784
1462,1000000,512.603
1463,1000000,459.689
1464,1000000,464.600
1465,1000000,462.094
1466,1000000,476.626
1467,1000000,436.239
1468,1000000,447.463
1469,1000000,460.891
1470,1000000,479.332
1471,1000000,448.766
1472,1000000,502.181
1473,1000000,470.513
1474,1000000,437.742
1475,1000000,458.988
1476,1000000,504.886
1477,1000000,523.527
1478,1000000,519.117
1479,1000000,456.082
1480,1000000,462.295
1481,1000000,460.992
1482,1000000,442.954
1483,1000000,435.638
1484,1000000,465.001
1485,1000000,465.802
1486,1000000,450.970
1487,1000000,514.808
1488,1000000,444.055
1489,1000000,456.482
1490,1000000,441.550
1491,1000000,508.695
1492,1000000,445.485
1493,1000000,449.594
1494,1000000,451.298
1495,1000000,521.269
1496,1000000,472.450
1497,1000000,527.284
1498,1000000,453.805
1499,1000000,433.756
1500,1000000,524.276
1501,1000000,525.480
1502,1000000,460.622
1503,1000000,476.059
1504,1000000,517.961
1505,1000000,521.469
1506,1000000,468.741
1507,1000000,465.533
1508,1000000,437.966
1509,1000000,449.995
1510,1000000,428.042
1511,1000000,445.485
1512,1000000,439.871
1513,1000000,454.005
1514,1000000,476.159
1515,1000000,440.573
1516,1000000,515.755
1517,1000000,539.013
1518,1000000,461.925
1519,1000000,439.370
1520,1000000,440.573
1521,1000000,509.039
1522,1000000,455.610
1523,1000000,439.069
1524,1000000,437.264
1525,1000000,521.971
1526,1000000,539.313
1527,1000000,447.089
1528,1000000,500.719
1529,1000000,460.120
1530,1000000,437.064
1531,1000000,440.974
1532,1000000,442.076
1533,1000000,439.269
1534,1000000,474.054
1535,1000000,445.385
1536,1000000,448.993
1537,1000000,531.494
1538,1000000,461.123
1539,1000000,508.137
1540,1000000,439.269
1541,1000000,520.968
1542,1000000,466.235
1543,1000000,513.049
1544,1000000,446.989
1545,1000000,450.096
1546,1000000,477.964
1547,1000000,438.969
1548,1000000,452.201
1549,1000000,438.468
1550,1000000,525.579
1551,1000000,505.831
1552,1000000,440.372
1553,1000000,479.467
1554,1000000,529.890
1555,1000000,453.805
1556,1000000,455.008
1557,1000000,509.540
1558,1000000,490.995
1559,1000000,448.993
1560,1000000,479.467
1561,1000000,435.461
1562,1000000,450.397
1563,1000000,448.792
1564,1000000,509.240
1565,1000000,442.377
1566,1000000,481.171
1567,1000000,448.993
1568,1000000,509.039
1569,1000000,440.372
1570,1000000,447.589
1571,1000000,470.445
1572,1000000,462.125
1573,1000000,438.167
1574,1000000,434.959
1575,1000000,529.288
1576,1000000,529.790
1577,1000000,451.098
1578,1000000,437.164
1579,1000000,446.788
1580,1000000,443.680
1581,1000000,448.993
1582,1000000,474.154
1583,1000000,439.771
1584,1000000,446.186
1585,1000000,521.771
1586,1000000,455.308
1587,1000000,427.842
1588,1000000,444.082
1589,1000000,511.244
1590,1000000,437.966
1591,1000000,435.159
1592,1000000,445.986
1593,1000000,491.397
1594,1000000,450.296
1595,1000000,470.846
1596,1000000,473.152
1597,1000000,523.574
1598,1000000,438.468
1599,1000000,531.794
1600,1000000,459.820
1601,1000000,437.666
1602,1000000,439.069
1603,1000000,519.866
1604,1000000,519.264
1605,1000000,438.368
1606,1000000,525.981
1607,1000000,526.482
1608,1000000,454.707
1609,1000000,458.516
1610,1000000,455.008
1611,1000000,441.374
1612,1000000,435.861
1613,1000000,447.189
1614,1000000,459.719
1615,1000000,439.870
1616,1000000,444.281
1617,1000000,440.473
1618,1000000,516.357
1619,1000000,448.692
1620,1000000,452.302
1621,1000000,445.084
1622,1000000,494.403
1623,1000000,447.389
1624,1000000,535.103
1625,1000000,452.902
1626,1000000,446.989
1627,1000000,458.817
1628,1000000,529.790
1629,1000000,434.457
1630,1000000,452.201
1631,1000000,461.523
1632,1000000,445.985
1633,1000000,437.966
1634,1000000,455.710
1635,1000000,493.802
1636,1000000,457.213
1637,1000000,450.296
1638,1000000,441.676
1639,1000000,478.063
1640,1000000,435.661
1641,1000000,439.971
1642,1000000,447.088
1643,1000000,507.435
1644,1000000,440.171
1645,1000000,452.401
1646,1000000,442.477
1647,1000000,457.915
1648,1000000,438.367
1649,1000000,453.203
1650,1000000,486.886
1651,1000000,523.675
1652,1000000,442.577
1653,1000000,444.682
1654,1000000,519.264
1655,1000000,475.056
1656,1000000,447.890
1657,1000000,470.546
1658,1000000,516.057
1659,1000000,452.803
1660,1000000,455.910
1661,1000000,468.640
1662,1000000,466.336
1663,1000000,446.788
1664,1000000,446.688
1665,1000000,509.340
1666,1000000,502.122
1667,1000000,438.668
1668,1000000,521.771
1669,1000000,461.122
1670,1000000,451.700
1671,1000000,444.783
1672,1000000,488.891
1673,1000000,526.181
1674,1000000,512.548
1675,1000000,460.722
1676,1000000,448.793
1677,1000000,459.920
1678,1000000,455.809
1679,1000000,495.607
1680,1000000,457.514
1681,1000000,440.272
1682,1000000,452.302
1683,1000000,519.465
1684,1000000,451.399
1685,1000000,445.284
1686,1000000,446.487
1687,1000000,521.470
1688,1000000,456.913
1689,1000000,454.807
1690,1000000,500.218
1691,1000000,444.381
1692,1000000,445.484
1693,1000000,474.455
1694,1000000,524.376
1695,1000000,460.722
1696,1000000,467.338
1697,1000000,510.242
1698,1000000,538.912
1699,1000000,460.722
1700,1000000,500.619
1701,1000000,464.832
1702,1000000,468.240
1703,1000000,436.663
1704,1000000,453.805
1705,1000000,447.790
1706,1000000,435.059
1707,1000000,445.284
1708,1000000,527.484
1709,1000000,440.172
1710,1000000,438.768
1711,1000000,527.684
1712,1000000,457.814
1713,1000000,430.649
1714,1000000,432.653
1715,1000000,471.849
1716,1000000,441.976
1717,1000000,429.947
1718,1000000,440.974
1719,1000000,511.947
1720,1000000,532.697
1721,1000000,433.355
1722,1000000,452.201
1723,1000000,491.296
1724,1000000,442.879
1725,1000000,463.228
1726,1000000,529.890
1727,1000000,447.289
1728,1000000,541.719
1729,1000000,481.573
1730,1000000,437.766
1731,1000000,443.380
1732,1000000,442.277
1733,1000000,505.230
1734,1000000,435.862
1735,1000000,434.358
1736,1000000,442.277
1737,1000000,440.973
1738,1000000,441.374
1739,1000000,434.157
1740,1000000,529.789
1741,1000000,454.407
1742,1000000,432.152
1743,1000000,488.088
1744,1000000,516.057
1745,1000000,452.200
1746,1000000,434.357
1747,1000000,536.306
1748,1000000,505.330
1749,1000000,432.553
1750,1000000,487.286
1751,1000000,463.228
1752,1000000,522.072
1753,1000000,448.191
1754,1000000,508.839
1755,1000000,449.795
1756,1000000,437.766
1757,1000000,452.401
1758,1000000,522.873
1759,1000000,447.990
1760,1000000,448.492
1761,1000000,448.191
1762,1000000,516.758
1763,1000000,448.692
1764,1000000,534.702
1765,1000000,452.702
1766,1000000,497.411
1767,1000000,436.664
1768,1000000,528.586
1769,1000000,442.377
1770,1000000,434.157
1771,1000000,485.181
1772,1000000,462.426
1773,1000000,470.746
1774,1000000,463.529
1775,1000000,451.399
1776,1000000,470.746
1777,1000000,497.210
1778,1000000,489.091
1779,1000000,463.829
1780,1000000,496.609
1781,1000000,505.631
1782,1000000,468.641
1783,1000000,474.054
1784,1000000,469.343
1785,1000000,496.308
1786,1000000,446.186
1787,1000000,464.732
1788,1000000,549.839
1789,1000000,458.918
1790,1000000,468.341
1791,1000000,482.474
1792,1000000,520.367
1793,1000000,466.335
1794,1000000,478.365
1795,1000000,485.583
1796,1000000,515.856
1797,1000000,453.404
1798,1000000,510.844
1799,1000000,522.773
1800,1000000,440.974
1801,1000000,440.072
1802,1000000,484.881
1803,1000000,487.587
1804,1000000,452.001
1805,1000000,453.204
1806,1000000,460.121
1807,1000000,441.675
1808,1000000,436.262
1809,1000000,453.303
1810,1000000,532.195
1811,1000000,438.969
1812,1000000,470.646
1813,1000000,467.438
1814,1000000,501.521
1815,1000000,443.880
1816,1000000,529.589
1817,1000000,472.951
1818,1000000,456.010
1819,1000000,447.690
1820,1000000,508.839
1821,1000000,448.592
1822,1000000,453.905
1823,1000000,531.394
1824,1000000,439.670
1825,1000000,488.991
1826,1000000,487.588
1827,1000000,514.353
1828,1000000,451.900
1829,1000000,493.000
1830,1000000,452.301
1831,1000000,454.106
1832,1000000,446.787
1833,1000000,518.762
1834,1000000,457.714
1835,1000000,444.783
1836,1000000,447.790
1837,1000000,512.748
1838,1000000,445.685
1839,1000000,442.978
1840,1000000,488.590
1841,1000000,440.573
1842,1000000,439.971
1843,1000000,447.690
1844,1000000,506.433
1845,1000000,525.780
1846,1000000,436.362
1847,1000000,461.724
1848,1000000,523.776
1849,1000000,444.582
1850,1000000,497.210
1851,1000000,460.321
1852,1000000,427.741
1853,1000000,476.360
1854,1000000,448.993
1855,1000000,445.084
1856,1000000,442.076
1857,1000000,490.093
1858,1000000,511.344
1859,1000000,443.079
1860,1000000,451.299
1861,1000000,511.646
1862,1000000,524.978
1863,1000000,439.971
1864,1000000,448.893
1865,1000000,484.680
1866,1000000,492.599
1867,1000000,480.971
1868,1000000,498.113
1869,1000000,443.480
1870,1000000,430.348
1871,1000000,452.000
1872,1000000,441.475
1873,1000000,447.289
1874,1000000,486.485
1875,1000000,456.913
1876,1000000,441.876
1877,1000000,444.181
1878,1000000,447.690
1879,1000000,535.103
1880,1000000,435.160
1881,1000000,479.567
1882,1000000,511.044
1883,1000000,451.098
1884,1000000,433.756
1885,1000000,476.159
1886,1000000,517.259
1887,1000000,445.184
1888,1000000,451.599
1889,1000000,546.029
1890,1000000,483.276
1891,1000000,444.081
1892,1000000,444.883
1893,1000000,464.331
1894,1000000,450.697
1895,1000000,442.978
1896,1000000,481.372
1897,1000000,454.607
1898,1000000,455.008
1899,1000000,461.123
1900,1000000,512.147
1901,1000000,442.377
1902,1000000,459.319
1903,1000000,453.604
1904,1000000,524.477
1905,1000000,438.066
1906,1000000,519.966
1907,1000000,490.093
1908,1000000,449.294
1909,1000000,458.717
1910,1000000,488.188
1911,1000000,516.357
1912,1000000,449.595
1913,1000000,492.600
1914,1000000,525.981
1915,1000000,442.778
1916,1000000,454.106
1917,1000000,451.900
1918,1000000,494.403
1919,1000000,433.055
1920,1000000,438.668
1921,1000000,458.015
1922,1000000,450.296
1923,1000000,537.208
1924,1000000,439.369
1925,1000000,474.856
1926,1000000,461.824
1927,1000000,517.460
1928,1000000,442.277
1929,1000000,473.252
1930,1000000,436.764
1931,1000000,475.357
1932,1000000,445.284
1933,1000000,538.411
1934,1000000,544.326
1935,1000000,451.099
1936,1000000,490.194
1937,1000000,546.530
1938,1000000,455.208
1939,1000000,456.412
1940,1000000,534.702
1941,1000000,446.286
1942,1000000,480.670
1943,1000000,472.952
1944,1000000,543.724
1945,1000000,430.348
1946,1000000,527.384
1947,1000000,446.888
1948,1000000,446.587
1949,1000000,440.171
1950,1000000,540.015
1951,1000000,450.196
1952,1000000,439.269
1953,1000000,449.093
1954,1000000,495.206
1955,1000000,447.790
1956,1000000,499.717
1957,1000000,448.191
1958,1000000,439.370
1959,1000000,463.027
1960,1000000,490.795
1961,1000000,454.306
1962,1000000,440.473
1963,1000000,531.694
1964,1000000,509.841
1965,1000000,457.915
1966,1000000,470.446
1967,1000000,489.391
1968,1000000,442.077
1969,1000000,433.456
1970,1000000,448.292
1971,1000000,441.375
1972,1000000,452.413
1973,1000000,440.180
1974,1000000,446.798
1975,1000000,433.663
1976,1000000,445.595
1977,1000000,449.406
1978,1000000,445.294
1979,1000000,453.316
1980,1000000,451.010
1981,1000000,499.539
1982,1000000,437.072
1983,1000000,515.784
1984,1000000,538.644
1985,1000000,451.009
1986,1000000,456.324
1987,1000000,537.040
1988,1000000,524.808
1989,1000000,448.603
1990,1000000,502.648
1991,1000000,511.472
1992,1000000,448.803
1993,1000000,456.625
1994,1000000,440.782
1995,1000000,446.197
1996,1000000,446.798
1997,1000000,452.714
1998,1000000,503.951
1999,1000000,445.595
2000,1000000,453.316
2001,1000000,462.440
2002,1000000,490.916
2003,1000000,465.448
2004,1000000,460.434
2005,1000000,439.277
2006,1000000,553.284
2007,1000000,436.872
2008,1000000,537.742
2009,1000000,458.931
2010,1000000,435.468
2011,1000000,510.068
2012,1000000,519.292
2013,1000000,444.693
2014,1000000,442.687
2015,1000000,439.278
2016,1000000,453.516
2017,1000000,443.489
2018,1000000,454.820
2019,1000000,447.901
2020,1000000,435.869
2021,1000000,457.627
2022,1000000,455.421
2023,1000000,467.353
2024,1000000,522.602
2025,1000000,457.426
2026,1000000,447.901
2027,1000000,511.672
2028,1000000,440.882
2029,1000000,471.966
2030,1000000,456.424
2031,1000000,445.093
2032,1000000,511.371
2033,1000000,444.893
2034,1000000,438.275
2035,1000000,435.167
2036,1000000,505.154
2037,1000000,452.714
2038,1000000,448.102
2039,1000000,449.304
2040,1000000,494.627
2041,1000000,446.197
